{"count":1,"self":875.0083072,"total":882.48044099999993,"children":{"AgentResetIfDone":{"count":32203,"self":0.314467,"total":0.314467,"children":null},"AgentSendState":{"count":32203,"self":0.22633699999999998,"total":0.314896,"children":{"CollectObservations":{"count":6441,"self":0.088559,"total":0.088559,"children":null}}},"DecideAction":{"count":32203,"self":6.513978,"total":6.513978,"children":null},"AcademyStep":{"count":32203,"self":0.08620499999999999,"total":0.08620499999999999,"children":null},"AgentAct":{"count":32203,"self":0.24154599999999998,"total":0.24154599999999998,"children":null}}}